email,matkhau,ketquamongdoi
hoangnguyet@gmail.com,1423Nguyet*,Lỗi: Mật khẩu bạn nhập cho địa chỉ email hoangnguyet@gmail.com không đúng. Bạn quên mật khẩu?
HoangMinhNguyet110122277@gmail.com,1424Nguyet*,Xin chào Minh Nguyệt (không phải Minh Nguyệt? Đăng xuất)
duyen123@gmail.com,1424Nguyet*,Địa chỉ email không xác định. Kiểm tra lại hoặc thử tên người dùng của bạn.
,1424Nguyet*,Lỗi: Yêu cầu tên tài khoản.
hoangnguyet@gmail.com,,Lỗi: Trường mật khẩu đang trống.
,,Lỗi: Yêu cầu tên tài khoản.
hoangnguyetgmail.com,1424Nguyet*,"Lỗi: Tên người dùng hoangnguyetgmail.com không được đăng ký trên trang web này. Nếu bạn không chắc về tên người dùng của mình, hãy thử địa chỉ email của bạn."
hoangduyen@gmail.com,duyen,Địa chỉ email không xác định. Kiểm tra lại hoặc thử tên người dùng của bạn.
hoangnguyet@gmai.com,1424Nguyet*,Địa chỉ email không xác định. Kiểm tra lại hoặc thử tên người dùng của bạn.
hoangnguyet@gmai.com,Nguyet1424*,Địa chỉ email không xác định. Kiểm tra lại hoặc thử tên người dùng của bạn.
hoangnguyet$$gmail.com,1424Nguyet*,"Lỗi: Tên người dùng hoangnguyet$$gmail.com không được đăng ký trên trang web này. Nếu bạn không chắc về tên người dùng của mình, hãy thử địa chỉ email của bạn."