tukhoa,ketquatimkiem
,"Please fill out this field."
CÀ PHÊ,"Hộp Nhựa Đựng Cà Phê 1,5L"
cà phê,"Hộp Nhựa Đựng Cà Phê 1,5L"
nhan ngam,"Nhãn Ngâm Nước Đường BODDOB (565 g)"
565,"Nhãn Ngâm Nước Đường BODDOB (565 g)"
#$%&,"Không tìm thấy sản phẩm nào khớp với lựa chọn của bạn."
cà phê,"Hộp Nhựa Đựng Cà Phê 1,5L"
thá,"Thạch Thủy Tinh Củ Năng Hồng Boduo (850 g)"
"Thạch Thủy Tinh Củ Năng Hồng Boduo (850 g)","Thạch Thủy Tinh Củ Năng Hồng Boduo (850 g)"
a,"Trân châu 3Q Ô Long Bibi Jelly 2kg"
áo khoác,"Không tìm thấy sản phẩm nào khớp với lựa chọn của bạn."
YM104,"French Press Tay Cầm Inox Yami 350ml – YM104/YM107-350"
